{"peaks": [2349, 2968, 4279, 4605, 5176, 5573, 6459, 6534], "bpm": 36.12903225806453, "voltage_extremes": [-0.59, 1.375], "duration": 27.775, "beats": [6.525, 8.244, 11.886, 12.792, 14.378, 15.481, 17.942, 18.15], "num_beats": 8, "mean_hr_bpm": 78.04651432885227}